city,year,rows,count_points,survey_dates
Birmingham,2000,1872,80,59
Birmingham,2001,2220,94,65
Birmingham,2002,2076,88,60
Birmingham,2003,2880,121,77
Birmingham,2004,2664,112,76
Birmingham,2005,2448,103,64
Birmingham,2006,2628,111,79
Birmingham,2007,2676,112,74
Birmingham,2008,5844,246,94
Birmingham,2009,4908,208,100
Birmingham,2010,3324,141,89
Birmingham,2011,3012,127,75
Birmingham,2012,3012,128,79
Birmingham,2013,3528,150,90
Birmingham,2014,2736,116,68
Birmingham,2015,2664,113,75
Birmingham,2016,2880,121,77
Birmingham,2017,3420,143,83
Birmingham,2018,3480,145,79
Birmingham,2019,3636,153,77
Birmingham,2020,1836,77,51
Birmingham,2021,2184,92,59
Birmingham,2022,1860,78,54
Birmingham,2023,1404,59,46
Birmingham,2024,1692,71,52
Birmingham,2025,2064,87,56
Manchester,2000,1368,58,44
Manchester,2001,1632,71,56
Manchester,2002,1464,63,55
Manchester,2003,1584,67,49
Manchester,2004,1296,55,50
Manchester,2005,1524,64,49
Manchester,2006,1452,61,47
Manchester,2007,1308,55,44
Manchester,2008,2460,103,63
Manchester,2009,2376,101,74
Manchester,2010,1848,79,64
Manchester,2011,1368,60,47
Manchester,2012,1512,65,49
Manchester,2013,1464,62,49
Manchester,2014,1296,54,43
Manchester,2015,972,41,32
Manchester,2016,1128,47,36
Manchester,2017,1560,66,50
Manchester,2018,1872,79,56
Manchester,2019,2208,93,59
Manchester,2020,1308,55,37
Manchester,2021,1260,53,37
Manchester,2022,1152,48,38
Manchester,2023,984,41,34
Manchester,2024,1176,49,37
Manchester,2025,1500,64,45
