city,count_point_id,road_name,first_year,last_year,years_observed,survey_dates,hourly_rows,latitude,longitude
Birmingham,6359,A34,2021,2021,1,1,24,52.43588968,-1.84667816
Birmingham,6390,A38,2021,2025,2,2,48,52.51674616,-1.80984973
Birmingham,6392,A38,2022,2022,1,1,24,52.45393596,-1.9116583
Birmingham,6448,A41,2022,2022,1,1,24,52.50942984,-1.9572221
Birmingham,6449,A41,2023,2023,1,1,24,52.44700725,-1.82486443
Birmingham,7167,A452,2025,2025,1,1,24,52.54557679,-1.85396397
Birmingham,7172,A453,2021,2021,1,1,24,52.54751872,-1.85406063
Birmingham,7179,A456,2023,2023,1,1,24,52.47192705,-1.92781599
Birmingham,7676,A4540,2021,2023,2,2,48,52.49098066,-1.88691602
Birmingham,7677,A4540,2024,2024,1,1,24,52.47552027,-1.92339342
Birmingham,8010,A4040,2025,2025,1,1,24,52.42870724,-1.85435049
Birmingham,16025,M6,2020,2020,1,1,24,52.53034049,-1.89823888
Birmingham,16365,A38,2020,2024,3,3,72,52.50772718,-1.85261746
Birmingham,16423,A41,2021,2021,1,1,24,52.50195369,-1.92776694
Birmingham,17128,A452,2021,2025,2,2,48,52.5212315,-1.80393479
Birmingham,17139,A456,2020,2023,2,2,48,52.46331881,-2.001422
Birmingham,17593,A4040,2020,2024,2,2,48,52.45653655,-1.8248269
Birmingham,17612,A4123,2025,2025,1,1,24,52.46295819,-1.98420142
Birmingham,17644,A4540,2022,2022,1,1,24,52.4925823,-1.89832615
Birmingham,17682,A5127,2025,2025,1,1,24,52.5516705,-1.82630472
Birmingham,17998,A4540,2021,2025,3,3,72,52.46696206,-1.89985684
Birmingham,18539,A452,2020,2020,1,1,24,52.55278165,-1.86485399
Birmingham,26361,A34,2021,2021,1,1,24,52.45389301,-1.86604062
Birmingham,26393,A38,2021,2025,2,2,48,52.52766709,-1.78253276
Birmingham,26395,A38,2022,2022,1,1,24,52.46260541,-1.90407603
Birmingham,26454,A41,2021,2025,2,2,48,52.45298025,-1.85427126
Birmingham,27167,A441,2024,2024,1,1,24,52.42697311,-1.9220058
Birmingham,27196,A453,2025,2025,1,1,24,52.53302382,-1.8834904
Birmingham,27203,A5127,2025,2025,1,1,24,52.57269515,-1.82412774
Birmingham,27690,A4040,2025,2025,1,1,24,52.50689188,-1.83287715
Birmingham,27691,A4040,2020,2024,2,2,48,52.43587743,-1.83741127
Birmingham,27736,A4540,2021,2025,2,2,48,52.48073188,-1.87773953
Birmingham,27737,A4540,2023,2023,1,1,24,52.48091523,-1.92485648
Birmingham,27773,A5127,2022,2022,1,1,24,52.51141494,-1.85407852
Birmingham,28039,A41,2021,2021,1,1,24,52.50429775,-1.93954867
Birmingham,28042,A4540,2022,2024,2,2,48,52.47161389,-1.87570349
Birmingham,28465,A45,2022,2022,1,1,24,52.46197023,-1.85424189
Birmingham,28476,A41,2025,2025,1,1,24,52.45106178,-1.83110217
Birmingham,36070,"A38(M), A38M",2020,2025,6,6,144,52.50730482,-1.87619268
Birmingham,36456,A41,2021,2021,1,1,24,52.50519922,-1.9445564
Birmingham,37188,A435,2025,2025,1,1,24,52.41795858,-1.89114417
Birmingham,37198,A441,2023,2023,1,1,24,52.40899676,-1.92791707
Birmingham,37222,A452,2023,2023,1,1,24,52.53115275,-1.82452875
Birmingham,37233,A456,2020,2022,2,2,48,52.47014797,-1.97198059
Birmingham,37238,A457,2020,2020,1,1,24,52.48658079,-1.92779206
Birmingham,37730,A4040,2024,2024,1,1,24,52.42453963,-1.91318663
Birmingham,37779,A4540,2020,2022,2,2,48,52.49230736,-1.8924356
Birmingham,37780,A4540,2022,2024,2,2,48,52.47155748,-1.91309557
Birmingham,37818,A5127,2021,2021,1,1,24,52.59769978,-1.83932283
Birmingham,38010,A4040,2024,2024,1,1,24,52.48542024,-1.94251962
Birmingham,38523,M6,2021,2025,4,4,96,52.51422919,-1.76020163
Birmingham,38552,A456,2020,2025,2,2,48,52.47275377,-1.96697364
Birmingham,46365,A34,2025,2025,1,1,24,52.54204919,-1.92770176
Birmingham,46397,A38,2022,2022,1,1,24,52.55264473,-1.77459384
Birmingham,46398,A5127,2021,2025,2,2,48,52.50783005,-1.86337281
Birmingham,47166,A4540,2020,2022,2,2,48,52.4655987,-1.88366866
Birmingham,47176,A441,2022,2022,1,1,24,52.46207287,-1.9015015
Birmingham,47202,A452,2021,2023,2,2,48,52.51672918,-1.79953397
Birmingham,47206,A453,2025,2025,1,1,24,52.52943758,-1.89381871
Birmingham,47214,A456,2021,2025,2,2,48,52.45351944,-2.00789642
Birmingham,47688,A4040,2025,2025,1,1,24,52.44852645,-1.83099408
Birmingham,47706,A4040,2025,2025,1,1,24,52.4179889,-1.93143155
Birmingham,47731,A4540,2022,2022,1,1,24,52.49088816,-1.91600304
Birmingham,47777,A5127,2020,2024,2,2,48,52.52577882,-1.83858296
Birmingham,48068,A41,2020,2020,1,1,24,52.45812305,-1.8702958
Birmingham,56330,A34,2024,2024,1,1,24,52.50786957,-1.90330037
Birmingham,56331,A41,2020,2020,1,1,24,52.46289361,-1.87572776
Birmingham,56394,A38,2020,2024,5,5,120,52.48808071,-1.89097324
Birmingham,56399,A38,2020,2024,2,2,48,52.51434158,-1.82459633
Birmingham,56948,A4040,2025,2025,1,1,24,52.51338931,-1.88324841
Birmingham,57103,A441,2025,2025,1,1,24,52.40683916,-1.92792048
Birmingham,57193,A4540,2021,2025,2,2,48,52.48793952,-1.88433193
Birmingham,57194,A4540,2020,2024,3,3,72,52.46463646,-1.89282638
Birmingham,57213,A454,2024,2024,1,1,24,52.5934932,-1.85380516
Birmingham,57233,"A38(M), A38M",2020,2025,4,4,96,52.49886396,-1.88593838
Birmingham,57689,A4040,2020,2020,1,1,24,52.51506038,-1.94262856
Birmingham,57701,A4097,2021,2021,1,1,24,52.52925329,-1.7655742
Birmingham,70221,A4540,2021,2025,2,2,48,52.49376983,-1.91041547
Birmingham,70222,A41,2022,2022,1,1,24,52.49349557,-1.91643993
Birmingham,70223,A41,2020,2021,2,2,48,52.49448147,-1.91231403
Birmingham,70224,A5127,2021,2021,1,1,12,52.56244015,-1.82587989
Birmingham,70225,A5127,2025,2025,1,1,12,52.56225378,-1.82145515
Birmingham,70227,A38M,2020,2020,1,1,24,52.49077606,-1.88919929
Birmingham,74479,A38,2020,2020,1,1,24,52.49130644,-1.88916851
Birmingham,75000,A4040,2025,2025,1,1,24,52.50976968,-1.83360283
Birmingham,75002,A38,2021,2025,2,2,48,52.50995154,-1.8350756
Birmingham,81028,A38,2023,2023,1,1,24,52.56935891,-1.77081988
Birmingham,81323,A4041,2020,2020,1,1,12,52.55482146,-1.90001049
Birmingham,81487,A38,2020,2023,3,3,72,52.47685348,-1.90272028
Birmingham,81488,A4400,2020,2020,1,1,24,52.47636734,-1.90189687
Birmingham,81489,A38,2020,2023,3,3,72,52.47190656,-1.89984576
Birmingham,81492,A4400,2020,2021,2,2,48,52.48320936,-1.90263268
Birmingham,81493,A38,2020,2024,4,4,96,52.48600898,-1.8964711
Birmingham,81494,A4400,2020,2021,2,2,48,52.48588312,-1.89647139
Birmingham,81575,A4040,2022,2022,1,1,24,52.44718716,-1.94585017
Birmingham,81577,A38,2022,2022,1,1,24,52.44729405,-1.92734092
Birmingham,89102,A452,2022,2022,1,1,24,52.50482665,-1.79963287
Birmingham,89247,A4029,2020,2021,2,2,48,52.45163515,-1.91251628
Birmingham,92245,A38,2022,2022,1,1,24,52.41800473,-1.96760197
Birmingham,92292,A45,2022,2022,1,1,24,52.46066562,-1.80361697
Birmingham,93041,A38,2021,2022,2,2,48,52.44225868,-1.94182517
Birmingham,93042,A4040,2022,2022,1,1,24,52.48197168,-1.80904416
Birmingham,94138,A435,2023,2023,1,1,24,52.43594003,-1.89257143
Birmingham,94233,A453,2022,2022,1,1,24,52.51802503,-1.89929936
Birmingham,95057,A453,2023,2024,2,2,48,52.52584419,-1.89677548
Birmingham,96042,A38,2025,2025,1,1,24,52.48027239,-1.90604039
Birmingham,97121,A38,2025,2025,1,1,24,52.47380326,-1.89962065
Birmingham,99233,A47,2020,2024,2,2,48,52.50732508,-1.82167783
Birmingham,99234,A452,2021,2022,2,2,48,52.51043176,-1.79691065
Birmingham,800185,B4135,2023,2024,2,2,48,52.48227408,-1.9137371
Birmingham,800186,B4138,2022,2025,3,3,72,52.53684951,-1.88862562
Birmingham,800187,B4129,2020,2025,3,3,72,52.45303972,-1.94593137
Birmingham,801232,C,2020,2024,5,5,120,52.4811696,-1.78183583
Birmingham,801233,C,2021,2025,5,5,120,52.48657159,-1.82459024
Birmingham,801234,C,2020,2025,5,5,120,52.46041477,-2.00789765
Birmingham,802957,U,2020,2025,6,6,144,52.47023133,-1.95193108
Birmingham,802958,U,2021,2025,4,4,96,52.54240421,-1.92059397
Birmingham,802960,U,2020,2025,5,5,120,52.43458887,-1.96029475
Birmingham,802961,U,2020,2025,5,5,120,52.44987049,-1.8790305
Birmingham,802962,U,2021,2025,4,4,96,52.47274465,-1.86566015
Birmingham,802964,U,2020,2025,4,4,96,52.56229177,-1.81688196
Birmingham,802965,U,2024,2025,2,2,48,52.47477821,-1.87554747
Birmingham,802966,U,2020,2024,5,5,120,52.52497722,-1.76721809
Birmingham,802968,U,2020,2025,6,6,144,52.40583494,-2.01236897
Birmingham,802969,U,2021,2025,5,5,120,52.42838506,-1.83474721
Birmingham,802970,U,2020,2025,6,6,144,52.46326794,-1.96256523
Birmingham,802972,U,2021,2025,5,5,120,52.49466469,-1.87611039
Birmingham,802973,U,2020,2025,5,5,120,52.46076162,-1.81871707
Birmingham,802976,U,2020,2025,4,4,96,52.42315841,-1.88541123
Birmingham,802977,U,2020,2025,6,6,144,52.54990783,-1.9045936
Birmingham,802978,U,2020,2025,5,5,120,52.55995622,-1.81810112
Birmingham,802980,U,2021,2025,5,5,120,52.42023615,-1.97592291
Birmingham,802982,U,2020,2025,6,6,144,52.43091792,-1.93369163
Birmingham,802983,U,2021,2025,4,4,96,52.42850298,-1.92440038
Birmingham,802985,U,2020,2024,5,5,120,52.4614105,-1.79232491
Birmingham,802990,U,2020,2025,5,5,120,52.54833166,-1.87291988
Birmingham,802991,U,2024,2025,2,2,48,52.47713578,-1.89641824
Birmingham,802992,U,2020,2023,3,3,72,52.45831941,-1.80921981
Birmingham,802993,U,2020,2023,3,3,72,52.45940215,-1.79028859
Birmingham,805271,U,2021,2022,2,2,48,52.43849706,-1.92004409
Birmingham,805330,U,2020,2025,6,6,144,52.45247592,-1.98526458
Birmingham,806442,U,2020,2024,4,4,96,52.52542246,-1.83444232
Birmingham,806475,B4284,2024,2025,2,2,24,52.46993988,-1.9272157
Birmingham,806503,B4125,2021,2025,3,3,72,52.47322828,-1.93959114
Birmingham,806592,U,2021,2025,5,5,120,52.51927433,-1.83520247
Birmingham,806671,B4142,2020,2025,4,4,96,52.54764562,-1.84096455
Birmingham,806844,B4121,2021,2025,3,3,72,52.43408977,-1.9763865
Birmingham,807033,U,2020,2025,5,5,120,52.512424,-1.9381084
Birmingham,807167,U,2021,2025,2,2,48,52.49056129,-1.90036318
Birmingham,807292,C,2020,2025,5,5,120,52.46741983,-1.77017221
Birmingham,807346,B4124,2021,2024,2,2,48,52.46276379,-1.93942881
Birmingham,807562,C,2020,2025,5,5,120,52.4422721,-1.81473202
Birmingham,807654,C,2022,2024,2,2,48,52.5021178,-1.88534077
Birmingham,807738,U,2020,2025,6,6,144,52.40984778,-1.87150896
Birmingham,807907,U,2020,2025,6,6,144,52.54012683,-1.89404322
Birmingham,808038,C,2020,2025,6,6,144,52.45827891,-1.9257926
Birmingham,808178,U,2020,2025,5,5,120,52.54334451,-1.88377243
Birmingham,808194,U,2020,2025,6,6,144,52.48289519,-1.80206019
Birmingham,808297,U,2020,2025,6,6,144,52.51991196,-1.84127217
Birmingham,808493,C,2021,2025,3,3,72,52.49151235,-1.92162783
Birmingham,808794,U,2022,2025,4,4,96,52.44000243,-1.96508562
Birmingham,808960,B4145,2021,2025,3,3,72,52.47235475,-1.85512068
Birmingham,809093,U,2020,2025,6,6,144,52.43308406,-1.82038898
Birmingham,809299,U,2020,2025,5,5,120,52.4707603,-1.91716007
Birmingham,809313,U,2020,2025,6,6,144,52.53294386,-1.79767562
Birmingham,809413,B4142,2020,2025,4,4,96,52.5289203,-1.84149008
Birmingham,809634,U,2021,2025,5,5,120,52.41347522,-1.84494679
Birmingham,810115,U,2020,2025,5,5,120,52.38967125,-2.00147514
Birmingham,810211,C,2021,2023,3,3,36,52.45210401,-1.8660607
Birmingham,810382,U,2020,2025,3,3,72,52.46859607,-1.88747342
Birmingham,810873,B4144,2020,2023,4,4,96,52.50295595,-1.90823136
Birmingham,812135,B4151,2020,2025,4,4,96,52.58841676,-1.81120846
Birmingham,812140,U,2020,2025,6,6,144,52.40612302,-1.9329929
Birmingham,812141,B4146,2020,2024,5,5,120,52.4314573,-1.88650779
Birmingham,812267,U,2020,2024,5,5,120,52.40490634,-1.94428349
Birmingham,812298,U,2020,2025,5,5,120,52.46327433,-1.90868149
Birmingham,820022,U,2020,2020,1,1,24,52.51902799,-1.79799068
Birmingham,820023,U,2020,2020,1,1,24,52.45882373,-1.78359499
Manchester,6046,M56,2020,2025,4,4,96,53.39597741,-2.24809417
Manchester,6047,M56,2020,2025,6,6,144,53.38088091,-2.27867268
Manchester,6069,A57(M),2025,2025,1,1,24,53.47295894,-2.23281241
Manchester,6553,A56,2024,2024,1,1,24,53.49644979,-2.25274745
Manchester,7428,A665,2025,2025,1,1,24,53.49648018,-2.23796027
Manchester,7701,A5103,2020,2025,5,5,120,53.40968048,-2.26682779
Manchester,7713,A5145,2025,2025,1,1,24,53.41039195,-2.22686008
Manchester,7857,A665,2024,2024,1,1,24,53.4785359,-2.22102994
Manchester,7922,A6143,2020,2020,1,1,24,53.47699817,-2.25760503
Manchester,7947,A34,2021,2025,2,2,48,53.48060631,-2.24707844
Manchester,7950,A56,2020,2020,1,1,24,53.47668046,-2.2505214
Manchester,8563,A62,2021,2021,1,1,24,53.48222643,-2.23245598
Manchester,16044,M56,2021,2025,5,5,120,53.37142206,-2.2911601
Manchester,16322,A34,2020,2024,2,2,48,53.42462228,-2.21161609
Manchester,16544,A57,2020,2020,1,1,24,53.46963966,-2.2198993
Manchester,16589,A62,2022,2022,1,1,24,53.49653576,-2.20828063
Manchester,17675,A5103,2021,2023,2,2,48,53.43354149,-2.24760479
Manchester,17717,A6104,2024,2024,1,1,24,53.52737235,-2.18248616
Manchester,17822,A6042,2025,2025,1,1,24,53.48928006,-2.24260712
Manchester,17931,A57,2021,2025,2,2,48,53.46331666,-2.1852241
Manchester,17933,A576,2020,2024,3,3,72,53.53062039,-2.24586119
Manchester,17935,A665,2025,2025,1,1,24,53.48838519,-2.24064283
Manchester,17936,A6010,2025,2025,1,1,24,53.50032675,-2.2426702
Manchester,18202,A5103,2021,2021,1,1,24,53.47850235,-2.23850781
Manchester,18548,A6042,2021,2021,1,1,12,53.47856074,-2.24525851
Manchester,26047,M56,2021,2025,4,4,96,53.3856789,-2.27563728
Manchester,26059,M60,2020,2024,4,4,96,53.40328881,-2.24613609
Manchester,26157,A6,2022,2022,1,1,24,53.47223074,-2.22819847
Manchester,27294,A560,2022,2022,1,1,24,53.40105679,-2.30226817
Manchester,27313,A576,2021,2025,3,3,72,53.53601958,-2.24287501
Manchester,27403,A635,2020,2020,1,1,24,53.47508211,-2.21239428
Manchester,27445,A663,2025,2025,1,1,24,53.51457373,-2.16976399
Manchester,27447,A664,2024,2024,1,1,24,53.49655649,-2.22169624
Manchester,27449,A665,2021,2021,1,1,24,53.46955715,-2.21583155
Manchester,27782,A5184,2024,2024,1,1,24,53.46057907,-2.21006303
Manchester,27796,A6010,2023,2023,1,1,24,53.44346935,-2.2272922
Manchester,27797,A6010,2021,2025,2,2,48,53.48756287,-2.1991945
Manchester,27974,A34,2025,2025,1,1,24,53.48150443,-2.25175493
Manchester,27975,A34,2020,2020,1,1,24,53.48026551,-2.25536416
Manchester,27980,A665,2025,2025,1,1,24,53.50905448,-2.24272022
Manchester,27992,A56,2020,2020,1,1,24,53.48388039,-2.2458917
Manchester,28486,A34,2020,2020,1,1,24,53.4779583,-2.24088538
Manchester,36045,M56,2020,2024,3,3,72,53.39754743,-2.26615011
Manchester,36161,A6,2025,2025,1,1,24,53.46417039,-2.21234003
Manchester,36355,A5079,2024,2024,1,1,24,53.45161304,-2.19691828
Manchester,36577,A56,2020,2021,2,2,48,53.48765692,-2.24515986
Manchester,37809,A5103,2021,2024,4,4,96,53.42363321,-2.25728366
Manchester,37838,A6010,2025,2025,1,1,24,53.50189347,-2.2276035
Manchester,37943,A662,2022,2022,1,1,24,53.48277612,-2.21243261
Manchester,37944,A6010,2022,2022,1,1,24,53.47858368,-2.19357765
Manchester,38034,A34,2021,2021,1,1,24,53.4766958,-2.24298775
Manchester,38036,A56,2022,2022,1,1,24,53.47938025,-2.24887958
Manchester,38649,A62,2025,2025,1,1,24,53.48133413,-2.23371685
Manchester,46068,"A57(M), A57M",2021,2025,3,3,72,53.47092278,-2.25304899
Manchester,46357,A34,2020,2024,2,2,48,53.40662662,-2.22183098
Manchester,47322,A576,2022,2022,1,1,24,53.52342284,-2.24913771
Manchester,47456,A664,2020,2024,2,2,48,53.52348797,-2.21565283
Manchester,47457,A665,2021,2025,2,2,48,53.48193935,-2.22749688
Manchester,47799,A6010,2024,2024,1,1,24,53.44247641,-2.27245252
Manchester,48019,A34,2020,2021,2,2,48,53.47311356,-2.23648927
Manchester,48035,A6042,2025,2025,1,1,24,53.48658662,-2.24108477
Manchester,48339,A560,2020,2024,2,2,48,53.39820966,-2.26341716
Manchester,48632,A34,2020,2020,1,1,24,53.47768113,-2.24465077
Manchester,56370,A57,2020,2025,4,4,96,53.47396268,-2.26060013
Manchester,56492,A62,2021,2021,1,1,24,53.48688293,-2.22752327
Manchester,56493,A34,2025,2025,1,1,24,53.46047747,-2.22159923
Manchester,56529,A5103,2021,2021,1,1,24,53.47669851,-2.24163169
Manchester,56582,A57,2020,2024,2,2,48,53.46581279,-2.19803849
Manchester,57390,A635,2022,2022,1,1,24,53.4726217,-2.15212104
Manchester,57427,A664,2021,2021,1,1,24,53.48515457,-2.23806276
Manchester,57603,A6010,2024,2024,1,1,24,53.45156846,-2.22233599
Manchester,57700,A5103,2022,2022,1,1,24,53.47398873,-2.24824575
Manchester,60078,A6,2025,2025,1,1,24,53.45735877,-2.20101116
Manchester,70153,A6,2021,2021,1,1,24,53.48282063,-2.23654286
Manchester,70155,A62,2020,2020,1,1,12,53.48300691,-2.23322875
Manchester,70158,A6,2025,2025,1,1,12,53.47797495,-2.23244788
Manchester,70273,A635,2020,2022,2,2,48,53.47358857,-2.22308339
Manchester,73268,A538,2020,2024,3,3,72,53.35848025,-2.29039566
Manchester,73269,M56,2020,2025,5,5,120,53.35908076,-2.30196924
Manchester,73772,A560,2025,2025,1,1,24,53.39308867,-2.24973135
Manchester,75235,A5103,2020,2025,5,5,120,53.41309898,-2.26549509
Manchester,75239,A635,2020,2020,1,1,24,53.47530631,-2.21766854
Manchester,75243,"A57(M), A57M",2020,2025,4,4,96,53.47167253,-2.23798786
Manchester,75244,"A57(M), A57M",2021,2025,2,2,48,53.4703123,-2.24400632
Manchester,75245,A5103,2020,2020,1,1,24,53.47037519,-2.24402174
Manchester,75246,A665,2025,2025,1,1,12,53.48543167,-2.23429689
Manchester,75249,A62,2025,2025,1,1,24,53.48525632,-2.23203548
Manchester,77003,A6,2021,2021,1,1,24,53.48039619,-2.23532399
Manchester,77049,A62,2024,2024,1,1,24,53.48426761,-2.2320301
Manchester,80940,A5103,2022,2022,1,1,24,53.45152439,-2.24495331
Manchester,80941,A5103,2022,2022,1,1,24,53.46886963,-2.24625784
Manchester,80942,A5067,2022,2022,1,1,24,53.46677856,-2.25754368
Manchester,80943,A5067,2022,2022,1,1,24,53.46679009,-2.25212077
Manchester,83048,A665,2021,2021,1,1,24,53.48704209,-2.2380733
Manchester,89289,M56,2021,2025,3,3,72,53.37027965,-2.28025602
Manchester,93159,A6042,2022,2022,1,1,24,53.47593878,-2.26121482
Manchester,94139,A635,2023,2023,1,1,24,53.47508211,-2.21239428
Manchester,94140,A635,2023,2023,1,1,24,53.47522052,-2.21540819
Manchester,94141,A665,2023,2023,1,1,24,53.47397828,-2.21644146
Manchester,94142,A665,2023,2023,1,1,24,53.4712201,-2.21576463
Manchester,94143,A665,2023,2023,1,1,24,53.47411628,-2.21467947
Manchester,96067,A34,2025,2025,1,1,24,53.47755603,-2.24428843
Manchester,96068,A34,2025,2025,1,1,24,53.47807043,-2.24769671
Manchester,97178,A6042,2025,2025,1,1,12,53.47837183,-2.24533277
Manchester,99014,A6010,2020,2024,2,2,48,53.46977384,-2.19429085
Manchester,99516,A56,2021,2025,2,2,48,53.47018054,-2.26381614
Manchester,99517,A6010,2020,2020,1,1,24,53.45795786,-2.2028664
Manchester,99615,M60,2020,2025,6,6,144,53.54056314,-2.21724893
Manchester,803829,U,2020,2025,6,6,144,53.49387686,-2.17965967
Manchester,803832,U,2020,2025,6,6,144,53.49781091,-2.19845858
Manchester,803833,U,2020,2025,6,6,144,53.37046626,-2.26549842
Manchester,803836,U,2020,2025,5,5,120,53.4287793,-2.24214385
Manchester,803838,U,2021,2025,5,5,120,53.46774961,-2.25741395
Manchester,803839,U,2020,2025,6,6,144,53.46963193,-2.26396341
Manchester,803844,U,2021,2025,5,5,120,53.49584532,-2.16733785
Manchester,806572,U,2020,2025,5,5,120,53.42937782,-2.23952844
Manchester,806615,U,2020,2025,4,4,96,53.49840522,-2.18085458
Manchester,806625,U,2021,2025,4,4,96,53.46710229,-2.26162795
Manchester,806752,U,2020,2025,5,5,120,53.49206729,-2.23773966
Manchester,807023,U,2020,2025,6,6,144,53.43809249,-2.20859719
Manchester,807601,U,2020,2025,6,6,144,53.44305479,-2.2325594
Manchester,808346,U,2020,2025,4,4,96,53.42969999,-2.19638027
Manchester,808544,U,2020,2025,6,6,144,53.43918516,-2.23482651
Manchester,808548,U,2020,2025,6,6,144,53.5267875,-2.21017886
Manchester,808667,U,2020,2025,6,6,144,53.4508453,-2.21469798
Manchester,808673,U,2020,2025,6,6,144,53.42509577,-2.26269516
Manchester,809028,B6393,2020,2024,5,5,120,53.5157587,-2.18290383
Manchester,809451,U,2020,2025,4,4,96,53.49561044,-2.19193666
Manchester,809472,U,2020,2025,6,6,144,53.4617056,-2.25067495
Manchester,809525,B5093,2020,2025,6,6,144,53.44360269,-2.19791994
Manchester,809658,U,2020,2025,5,5,120,53.49204521,-2.22120553
Manchester,820072,U,2020,2020,1,1,24,53.45953313,-2.21697072
Manchester,820073,U,2020,2025,6,6,144,53.43287603,-2.20521512
